timestamp,date,person_type,person_name,confidence,method
2025-11-29 18:43:09,2025-11-29,Student,Annaline Dulagan,49.32,facial_recognition
2025-11-29 18:48:57,2025-11-29,Student,Annaline Dulagan,59.69,facial_recognition
2025-11-29 18:57:13,2025-11-29,Student,Annaline Dulagan,62.18,facial_recognition
2025-11-29 19:02:47,2025-11-29,Student,Annaline Dulagan,57.13,facial_recognition
2025-11-29 19:02:52,2025-11-29,Student,Annaline Dulagan,57.13,facial_recognition
2025-11-29 19:02:52,2025-11-29,Student,Annaline Dulagan,57.13,facial_recognition
2025-11-29 19:02:52,2025-11-29,Student,Annaline Dulagan,57.13,facial_recognition
2025-11-29 19:04:20,2025-11-29,Student,Annaline Dulagan,56.56,facial_recognition
2025-11-29 19:19:44,2025-11-29,Student,Annaline Dulagan,67.06,facial_recognition
2025-11-29 19:20:41,2025-11-29,Student,Annaline Dulagan,58.14,facial_recognition
2025-11-29 19:25:47,2025-11-29,Student,Annaline Dulagan,49.39,facial_recognition
2025-11-29 19:35:21,2025-11-29,Student,Annaline Dulagan,42.74,facial_recognition
2025-11-29 19:37:56,2025-11-29,Student,Annaline Dulagan,41.16,facial_recognition
2025-11-29 19:40:40,2025-11-29,Student,Annaline Dulagan,54.56,facial_recognition
2025-11-29 19:40:50,2025-11-29,Instructor,Coby Cole Cherwaken,42.24,facial_recognition
2025-11-29 19:42:02,2025-11-29,Student,Annaline Dulagan,61.79,facial_recognition
2025-11-29 19:42:20,2025-11-29,Instructor,Coby Cole Cherwaken,44.97,facial_recognition
